Year,Barking & Dagenham,Barnet,Bexley,Brent,Bromley,Camden,Croydon,Ealing,Enfield,Greenwich,Hackney,Hammersmith & Fulham,Haringey,Harrow,Havering,Hillingdon,Hounslow,Islington,Kensington & Chelsea,Kingston upon Thames,Lambeth,Lewisham,Merton,Newham,Redbridge,Richmond upon Thames,Southwark,Sutton,Tower Hamlets,Waltham Forest,Wandsworth,Westminster
Jan-06,"166,874","299,474","188,008","267,130","244,404","365,180","207,375","264,898","227,363","213,487","246,326","388,181","269,341","259,719","205,536","231,836","256,951","294,362","611,595","268,795","253,462","206,048","260,921","207,079","228,190","350,594","260,445","210,332","259,211","207,294","326,720","432,051"
Feb-06,"167,577","298,187","187,230","265,285","245,892","370,093","210,189","268,798","226,373","212,360","248,408","380,607","269,845","261,821","207,798","231,233","260,578","303,888","615,866","266,668","250,885","206,987","263,953","204,552","229,801","352,108","261,327","211,688","255,656","208,381","327,840","446,945"
Mar-06,"166,529","298,774","187,445","266,052","247,340","373,727","211,546","267,776","225,595","212,077","247,129","391,532","274,442","264,040","209,020","233,427","262,812","310,689","617,187","267,830","252,547","205,591","263,221","202,396","228,546","355,706","262,645","213,466","251,002","208,156","337,932","448,956"
Apr-06,"168,790","300,399","189,189","266,283","248,127","379,266","212,008","269,268","227,633","210,495","250,156","394,666","272,161","265,457","211,988","232,183","265,435","318,995","628,817","268,419","254,534","205,627","269,496","203,887","229,309","360,564","266,154","213,879","257,017","208,538","343,901","452,515"
May-06,"170,686","303,852","189,821","268,553","248,795","385,866","211,271","272,862","229,258","213,294","252,899","408,673","274,732","268,607","211,245","234,859","267,880","323,680","639,208","271,808","263,839","208,811","270,888","208,873","230,553","363,390","274,591","214,293","260,893","209,664","351,425","452,497"
Jun-06,"173,733","305,192","191,151","272,641","251,377","389,088","212,777","277,770","232,505","217,567","261,096","416,287","281,614","269,437","212,490","235,860","270,795","325,211","649,025","278,806","266,875","213,567","272,484","213,214","233,050","366,858","278,641","217,385","264,657","212,654","355,891","468,277"
Jul-06,"174,958","310,189","189,332","274,517","254,092","396,599","215,130","280,308","233,941","222,105","264,164","423,845","288,294","270,809","214,794","240,014","269,205","318,743","656,551","280,822","272,252","218,995","275,191","214,002","236,065","368,229","285,862","219,124","263,997","217,861","363,443","471,766"
Aug-06,"175,958","314,080","193,373","274,171","257,782","402,772","217,470","283,571","235,882","223,803","270,680","429,297","295,444","272,710","218,236","240,862","272,531","322,335","659,832","285,575","275,726","220,449","279,012","214,808","238,551","375,217","286,658","220,740","269,271","219,978","369,580","480,046"
Sep-06,"175,006","318,616","194,011","274,281","259,074","402,138","219,164","288,120","238,032","224,186","273,515","432,363","296,109","277,385","219,608","242,492","275,953","326,220","652,943","285,415","280,099","221,991","283,789","215,741","241,250","381,196","288,904","219,493","274,664","223,921","373,357","479,007"
Oct-06,"174,842","318,034","196,526","280,637","261,763","399,361","219,706","289,239","239,925","224,844","276,924","432,535","295,221","281,794","220,759","241,043","278,475","336,647","654,203","289,713","281,086","221,334","282,792","219,946","242,020","383,488","296,101","222,318","277,913","224,727","374,566","486,648"
Nov-06,"176,391","319,024","196,832","282,018","263,379","403,714","221,427","288,357","240,460","224,423","276,657","426,743","292,724","282,866","220,023","242,379","276,737","327,817","681,880","288,759","280,440","222,621","286,089","221,912","243,424","387,119","297,566","225,580","281,320","227,199","374,526","477,441"
Dec-06,"179,153","322,472","198,990","284,988","266,022","424,670","222,595","289,734","241,142","226,406","274,161","416,688","294,143","284,650","220,849","245,286","273,480","329,658","697,390","292,583","281,637","224,871","289,679","222,352","244,980","391,759","303,529","228,758","285,825","230,027","381,884","476,944"
Jan-07,"181,509","325,090","199,808","284,120","266,331","429,747","225,781","292,688","242,788","229,355","276,286","421,631","299,089","287,011","221,061","247,507","275,717","334,218","738,048","293,686","286,101","228,296","296,274","223,794","247,757","398,755","298,862","229,500","290,342","232,413","387,024","491,210"
Feb-07,"181,996","328,724","199,935","292,273","268,421","437,383","226,565","299,187","245,331","232,438","280,159","437,606","306,417","288,623","223,589","249,642","279,189","350,107","752,320","299,722","291,626","231,741","300,158","224,172","249,776","406,848","304,501","231,732","291,472","236,377","397,594","502,138"
Mar-07,"184,011","329,220","201,593","294,579","269,213","435,762","228,852","301,812","246,408","231,937","285,406","458,921","306,884","288,005","227,736","250,198","284,926","354,503","770,452","304,643","299,395","233,525","302,813","227,726","253,503","411,312","319,437","233,344","294,287","235,703","398,772","514,039"
Apr-07,"184,870","332,555","203,218","300,485","274,098","447,639","229,754","306,144","248,064","235,403","285,799","470,662","313,078","291,917","231,328","253,675","285,055","359,774","777,805","310,214","303,850","236,380","307,618","228,541","254,127","422,248","333,201","236,415","301,023","238,195","412,802","500,952"
May-07,"186,907","338,187","205,843","301,493","276,461","437,043","231,249","306,889","250,308","238,392","291,002","477,112","319,739","294,944","236,624","257,147","288,885","369,858","777,423","315,687","310,944","239,652","313,069","231,959","258,616","426,925","343,300","240,117","311,269","239,691","421,132","518,028"
Jun-07,"188,601","343,462","208,168","309,346","280,028","449,774","233,383","309,481","256,037","240,466","291,737","487,360","330,629","298,927","239,049","259,930","289,103","390,467","782,967","320,555","321,285","240,734","318,996","235,551","261,011","432,055","340,706","243,987","317,125","243,605","426,057","531,584"
Jul-07,"191,122","351,885","211,313","317,924","283,132","461,651","237,080","316,137","263,590","242,496","301,681","503,084","335,618","299,656","241,485","264,786","299,222","399,385","807,306","327,547","327,315","244,157","321,219","238,652","267,098","442,676","342,509","248,292","323,951","247,296","434,057","561,346"
Aug-07,"192,569","355,007","211,456","321,792","286,937","485,798","241,846","321,593","270,073","245,466","311,812","520,854","339,832","304,760","240,817","266,944","304,381","411,836","843,910","333,610","337,306","246,971","330,366","243,100","269,494","455,827","342,148","247,356","329,771","250,804","445,326","572,995"
Sep-07,"195,536","361,688","210,587","326,003","290,752","495,127","243,583","327,338","272,662","249,632","324,570","530,901","350,698","310,783","243,074","267,674","310,590","415,735","899,084","338,283","340,822","252,542","334,851","244,923","271,956","456,919","340,975","250,753","330,249","254,088","453,102","587,087"
Oct-07,"196,927","363,344","211,451","321,515","293,119","495,855","246,093","329,075","271,199","251,424","322,717","537,733","351,634","312,510","244,703","267,226","311,550","419,429","874,544","341,810","342,834","255,190","337,846","247,188","272,238","454,480","341,732","251,558","332,518","251,857","454,115","592,219"
Nov-07,"199,010","366,867","215,165","322,748","296,823","490,508","247,598","331,597","270,846","251,409","320,430","528,415","348,090","314,401","246,125","270,351","308,685","412,278","841,001","342,284","338,778","257,583","329,243","246,518","271,034","453,792","349,908","255,412","328,072","252,972","449,399","592,712"
Dec-07,"197,834","365,116","218,426","320,827","298,898","477,949","251,114","329,850","271,407","251,525","311,338","518,592","338,775","312,096","247,216","272,832","309,518","413,423","829,980","342,470","330,937","257,677","328,406","246,311","269,835","462,175","354,862","260,541","332,792","253,782","443,374","598,241"
Jan-09,"171,457","312,482","193,099","280,774","259,584","442,619","209,945","275,538","232,212","227,242","307,514","453,297","288,285","266,827","207,360","239,391","266,305","329,439","723,363","289,769","281,348","217,194","290,556","197,562","223,416","373,884","304,918","218,662","275,970","217,709","366,386","558,108"
Feb-09,"166,400","306,811","188,780","284,510","253,685","448,803","207,754","271,702","232,936","225,359","294,056","447,022","280,048","268,123","206,955","229,933","266,392","332,531","678,574","275,855","281,465","219,840","297,051","195,065","221,546","380,822","297,368","210,196","284,328","214,437","367,391","539,133"
Mar-09,"161,191","306,247","187,071","286,670","249,683","461,106","205,274","268,681","227,397","219,490","302,419","423,107","283,337","264,319","210,152","225,581","259,519","327,025","647,498","265,175","272,983","221,394","294,128","200,015","217,753","377,885","295,310","208,774","290,583","210,295","371,576","534,080"
Apr-09,"156,460","304,000","181,648","290,608","245,544","447,319","205,449","268,454","227,588","216,749","276,768","428,768","281,453","259,549","208,492","224,599","255,391","331,980","673,611","261,374","264,672","225,481","280,813","198,759","217,261","373,151","291,265","207,793","282,032","205,342","371,452","540,632"
May-09,"152,579","305,904","182,450","281,895","246,825","438,368","203,261","268,624","226,787","211,760","273,305","427,071","281,960","259,605","205,889","227,683","255,958","328,604","719,092","266,480","269,736","218,812","278,107","191,582","220,677","373,235","290,218","207,977","280,797","202,687","379,514","553,267"
Jun-09,"154,388","309,311","183,339","283,875","250,671","430,735","202,182","272,845","234,026","211,456","260,137","428,432","289,625","260,446","202,716","228,620","260,320","331,687","778,445","268,654","276,385","219,751","272,172","190,613","228,177","377,413","295,471","206,764","279,740","202,745","396,389","543,189"
Jul-09,"158,409","319,423","186,836","279,000","252,792","446,884","202,879","282,155","236,715","212,398","280,330","435,400","299,000","264,646","205,980","230,767","266,818","339,731","833,396","275,238","289,613","218,602","279,105","193,266","232,407","384,918","298,557","210,186","271,410","204,536","405,408","556,990"
Aug-09,"160,637","323,597","189,652","283,407","252,961","462,699","204,238","287,573","241,106","218,774","286,783","457,376","302,343","271,250","208,695","233,184","275,546","355,596","846,617","282,453","292,464","223,733","290,293","199,023","234,394","395,030","304,888","214,839","263,928","208,772","402,464","554,879"
Sep-09,"160,179","329,530","191,205","279,241","255,474","470,662","206,746","296,793","240,829","225,987","300,863","475,659","310,903","277,865","210,167","237,754","278,967","369,140","825,920","292,642","296,202","226,979","299,536","196,602","233,964","403,539","312,498","219,575","271,942","214,390","402,037","588,646"
Oct-09,"161,050","328,788","193,411","287,421","258,872","466,786","207,969","300,135","242,653","230,796","304,195","475,709","317,434","278,100","211,244","242,455","278,466","371,747","797,151","297,441","302,850","231,788","301,290","196,915","237,948","414,994","310,962","220,945","289,801","217,647","406,422","598,398"
Nov-09,"161,665","329,848","194,439","289,661","261,487","445,187","209,437","298,332","243,191","232,147","310,619","475,714","318,196","278,071","214,004","244,940","276,800","367,394","815,492","298,247","304,700","233,293","300,310","198,246","236,798","419,359","309,701","222,992","306,398","220,267","410,371","609,256"
Dec-09,"165,382","331,191","196,618","293,736","263,122","442,139","213,262","299,114","243,914","232,871","304,758","484,531","310,044","280,881","215,510","248,008","279,422","361,248","816,958","298,497","301,854","233,940","300,639","202,198","239,291","427,961","306,001","224,605","304,924","220,437","406,836","611,394"
Jan-10,"167,455","336,166","197,732","294,571","265,216","450,196","214,837","303,029","247,206","233,712","305,856","502,271","317,164","286,005","215,949","246,703","284,717","368,702","859,776","305,123","305,989","234,575","305,942","203,356","240,720","436,957","316,385","228,450","304,977","221,775","408,671","633,849"
Feb-10,"167,576","338,361","201,278","298,989","267,763","475,997","220,626","308,002","251,606","234,376","308,574","508,465","323,956","288,144","219,533","246,466","287,527","382,679","842,465","301,897","306,982","237,503","303,172","205,563","243,952","446,833","326,596","232,880","306,989","226,508","421,263","652,174"
Mar-10,"167,379","344,596","202,286","304,780","269,341","494,116","222,526","308,920","254,080","236,809","307,364","504,257","330,838","291,691","219,940","246,012","288,621","389,690","888,269","311,633","315,847","241,969","311,797","208,894","243,340","449,812","330,869","237,734","313,882","229,543","428,215","645,945"
Apr-10,"167,302","347,865","202,733","310,403","271,506","494,982","225,940","305,602","253,897","235,369","308,192","505,517","327,574","294,830","220,960","250,681","286,534","394,149","885,955","310,886","315,047","239,882","314,596","211,232","239,817","442,490","338,052","237,433","317,206","232,335","434,925","627,840"
May-10,"169,508","351,273","199,914","311,669","275,497","485,551","223,338","306,765","253,836","238,200","304,416","511,514","334,163","298,326","221,691","252,007","287,184","393,614","925,945","322,597","318,281","240,031","322,217","212,951","237,787","438,359","339,780","239,295","312,681","230,616","437,341","615,345"
Jun-10,"171,816","351,058","199,802","310,303","277,317","487,877","222,340","307,197","257,165","238,048","315,870","525,901","341,510","297,496","223,079","256,398","287,833","400,345","888,870","318,918","319,015","236,932","323,345","213,393","238,204","440,983","350,209","237,873","311,135","227,247","442,800","631,849"
Jul-10,"173,371","356,801","200,246","313,402","278,537","519,184","220,854","313,817","261,209","246,940","314,851","535,005","346,987","301,116","226,538","257,718","296,131","403,343","914,950","326,865","325,115","239,452","326,763","217,273","243,352","445,252","350,588","238,217","308,377","230,187","448,010","637,362"
Aug-10,"174,970","362,563","201,930","319,542","280,872","544,698","222,904","318,999","263,499","251,407","318,460","546,375","346,311","303,782","227,952","260,507","300,564","405,803","894,150","330,059","330,665","242,178","328,153","217,136","249,587","448,424","352,840","235,595","312,037","229,762","445,148","657,641"
Sep-10,"175,008","368,858","202,864","323,300","281,671","545,103","223,982","322,277","261,547","253,221","317,769","548,235","350,454","305,186","228,015","262,617","308,214","412,738","934,712","335,715","328,777","243,286","332,093","220,117","257,725","451,997","348,618","235,860","309,656","234,518","437,605","662,611"
Oct-10,"175,055","364,894","200,651","322,328","281,153","535,436","224,039","323,866","260,299","247,991","314,906","534,827","345,700","307,105","228,831","260,582","297,843","407,441","929,505","329,324","323,779","240,686","332,958","217,854","260,268","449,420","341,093","236,964","311,788","231,415","427,527","668,643"
Nov-10,"173,977","362,446","200,642","319,970","280,286","527,874","220,871","320,866","259,835","243,857","306,858","516,690","349,252","305,850","225,828","260,420","293,839","413,016","949,842","326,181","314,896","239,297","327,620","218,431","260,228","447,061","336,200","237,168","307,598","230,552","412,193","657,174"
Dec-10,"171,135","355,342","200,346","317,065","279,600","538,680","217,827","320,151","261,793","242,643","305,060","503,259","342,274","307,820","224,760","255,749","289,937","408,265","957,213","327,053","313,089","236,792","319,667","217,382","259,331","449,913","339,707","235,109","308,267","227,518","412,242","649,230"
Jan-11,"168,397","358,068","200,369","315,354","279,893","535,129","216,959","320,057","261,698","243,139","304,203","502,728","339,672","303,193","221,139","257,520","293,376","417,233","931,014","332,121","310,814","240,685","320,129","218,042","260,676","455,995","353,108","233,937","311,115","224,928","421,038","636,341"
Feb-11,"167,022","360,241","200,393","312,181","276,070","537,530","217,051","322,826","258,772","241,985","310,751","507,042","345,565","304,353","219,034","258,239","296,765","408,864","913,219","328,183","314,176","241,635","318,948","214,716","261,933","460,037","361,082","236,866","314,624","225,895","430,790","641,304"
Mar-11,"166,175","366,218","198,328","314,490","275,340","542,307","216,514","320,689","255,192","238,870","304,410","519,576","344,712","302,494","218,428","259,289","300,582","411,469","951,677","323,870","314,311","240,486","321,407","211,034","261,661","451,760","357,330","237,517","319,745","223,628","440,044","669,250"
Apr-11,"166,937","361,109","201,053","318,699","275,898","551,082","216,944","321,886","252,920","240,442","314,568","535,969","352,594","304,584","219,199","258,016","303,020","428,455","1,038,196","317,457","319,604","241,692","319,497","209,677","254,843","452,859","349,912","236,139","321,563","225,648","443,600","691,706"
May-11,"167,248","355,660","201,333","322,545","281,181","539,408","216,380","318,933","249,053","245,689","312,799","548,316","343,784","301,838","222,498","256,779","303,649","425,010","1,016,213","323,959","321,216","236,731","325,169","213,256","252,296","454,216","349,013","233,882","318,504","226,474","450,873","688,088"
Jun-11,"166,837","350,308","201,067","322,002","280,007","540,074","217,085","323,371","249,384","246,520","315,292","550,469","347,725","302,079","225,185","255,434","300,385","425,444","986,498","323,293","325,952","237,685","324,766","216,229","251,651","452,758","356,588","230,807","309,720","226,282","451,239","665,606"
Jul-11,"165,389","352,426","199,894","323,302","280,285","542,147","218,220","325,067","251,405","243,830","319,212","540,632","356,770","299,496","226,306","256,327","301,709","417,541","949,297","328,277","326,105","237,449","327,929","217,052","257,570","455,710","370,936","233,029","304,446","228,336","446,938","670,558"
Aug-11,"168,043","354,506","199,480","324,813","277,346","558,293","218,866","328,810","259,099","242,157","322,981","539,161","367,617","301,002","222,597","257,525","305,276","431,439","987,666","330,179","334,643","245,946","335,107","218,259","259,942","461,324","380,135","232,613","309,614","226,774","454,405","685,335"
Sep-11,"171,525","359,713","202,293","330,567","280,876","570,963","220,611","329,262","262,054","245,144","334,070","543,877","370,559","302,599","222,102","258,326","306,032","439,408","1,007,445","332,917","336,099","248,977","341,783","221,530","259,969","476,707","374,928","237,222","317,074","231,629","450,606","690,427"
Oct-11,"172,171","361,355","202,901","328,490","282,071","568,044","219,706","325,509","262,082","242,491","327,870","553,349","355,761","304,673","223,399","260,332","304,627","432,144","991,839","335,034","338,765","247,662","338,839","221,927","256,492","476,019","364,324","237,596","318,995","232,261","446,086","675,458"
Nov-11,"169,451","367,379","201,372","330,175","282,826","561,635","221,836","320,531","261,439","239,161","334,455","558,028","344,998","307,724","226,249","260,726","296,865","430,037","1,028,725","332,726","332,509","241,675","329,555","222,021","255,587","470,324","352,074","238,122","320,643","232,816","437,892","676,223"
Dec-11,"167,174","367,698","199,518","325,344","283,665","542,413","220,831","324,278","261,140","236,008","329,394","545,965","341,053","306,259","226,538","264,053","294,190","425,531","994,969","336,366","331,438","242,966","322,979","219,920","255,217","463,780","359,498","239,235","318,010","232,475","443,683","678,691"
Jan-12,"168,477","372,606","197,421","333,737","280,792","543,166","220,223","325,985","260,429","240,867","335,152","527,666","343,415","306,845","223,905","261,290","292,363","428,364","1,005,871","334,820","330,013","245,246","322,470","223,083","253,066","461,340","363,356","237,021","316,100","231,367","456,738","694,391"
Feb-12,"168,177","373,420","199,180","329,105","283,283","545,567","220,932","329,862","256,191","243,042","321,270","536,607","347,356","305,034","223,376","262,884","296,249","434,007","1,010,209","334,887","335,443","248,142","325,203","219,884","254,073","469,080","365,752","236,497","309,192","232,544","449,456","695,917"
Mar-12,"169,030","369,775","198,633","329,441","280,780","563,532","221,227","326,662","252,906","245,263","320,137","549,151","350,320","302,710","223,212","259,767","292,941","436,105","1,018,429","328,530","336,717","247,633","326,929","221,190","253,879","469,685","364,635","236,085","304,499","231,358","446,754","683,061"
Apr-12,"169,332","372,468","199,587","320,778","282,132","569,457","224,302","326,108","253,790","246,754","321,851","574,283","356,022","304,962","222,312","261,528","295,922","440,813","1,050,310","329,128","341,391","246,160","328,116","218,629","258,257","472,657","365,370","237,674","302,374","232,932","441,588","691,485"
May-12,"171,153","374,927","200,110","325,521","282,553","570,482","224,895","332,662","256,605","249,195","327,462","572,225","362,620","303,376","222,961","262,895","298,177","453,648","1,054,551","335,774","346,768","251,989","334,343","222,850","261,684","473,952","381,805","240,414","300,543","236,364","462,124","706,917"
Jun-12,"172,743","383,623","202,545","337,016","286,833","569,841","226,422","344,220","261,903","252,043","332,068","589,168","367,752","311,710","223,350","265,401","304,083","454,714","1,115,324","340,071","356,774","254,970","340,579","221,945","262,703","484,929","391,472","241,371","309,999","240,165","470,216","749,177"
Jul-12,"172,700","384,332","203,969","349,069","289,298","594,658","225,378","352,327","263,008","254,672","335,418","601,301","368,782","310,149","225,824","268,599","309,281","435,361","1,117,566","343,301","358,908","258,159","345,723","226,166","265,217","497,166","402,097","243,834","311,173","244,503","484,203","756,785"
Aug-12,"170,821","384,598","205,191","359,817","291,867","608,542","225,107","353,733","267,708","254,872","344,295","613,692","374,012","317,620","224,270","269,505","311,049","424,270","1,128,280","346,941","362,266","258,406","348,633","224,613","264,838","499,599","392,443","241,699","318,743","243,700","489,761","786,346"
Sep-12,"169,921","389,395","205,404","348,918","289,888","607,610","226,131","348,872","270,010","254,103","348,934","609,851","378,627","318,201","226,205","272,914","314,097","430,177","1,144,974","350,263","357,992","263,807","348,861","223,795","268,033","494,172","389,533","244,061","317,437","242,815","493,087","777,080"
Oct-12,"169,945","388,778","205,913","344,327","291,028","588,814","226,705","348,636","271,218","253,575","345,588","625,441","380,135","324,645","226,463","275,338","313,699","446,708","1,165,705","354,797","362,294","265,833","351,086","221,145","268,218","484,076","382,491","245,134","322,807","239,047","483,143","782,472"
Nov-12,"171,159","387,557","205,586","338,868","290,625","590,570","227,532","352,426","272,022","253,141","351,955","615,288","376,486","320,550","228,700","275,689","312,355","462,024","1,159,659","349,702","357,992","262,748","343,694","220,952","264,396","490,093","385,900","247,004","322,711","239,518","476,726","775,035"
Dec-12,"172,500","383,309","206,950","347,350","293,667","614,412","229,888","350,161","270,785","255,292","354,239","633,324","375,767","317,963","226,968","273,896","311,959","462,361","1,130,506","354,202","360,139","260,368","347,467","224,119","259,989","494,483","401,488","246,722","324,637","244,522","482,703","792,032"
Jan-13,"172,609","384,910","209,186","351,215","291,800","621,533","228,960","347,741","273,998","256,926","362,867","622,856","378,071","313,653","223,309","272,465","309,504","477,517","1,155,084","353,480","355,048","257,377","352,443","225,971","258,213","502,792","395,460","246,237","322,706","244,565","492,698","782,951"
Feb-13,"174,194","385,105","210,770","349,133","290,635","645,756","227,310","344,802","270,434","258,357","364,941","640,412","382,534","316,556","223,335","269,524","307,481","467,419","1,147,792","354,987","364,932","259,510","356,557","227,412","258,948","502,994","406,645","245,941","323,403","247,701","504,943","779,527"
Mar-13,"174,146","385,837","210,524","348,277","289,058","629,019","226,606","344,070","271,057","260,672","367,051","639,000","387,959","318,184","223,486","268,589","316,431","473,944","1,164,680","355,684","370,630","260,296","351,091","228,545","263,050","503,679","380,916","245,760","315,233","247,444","498,721","777,096"
Apr-13,"174,715","383,878","210,858","351,957","292,149","643,322","227,888","351,607","266,566","260,790","369,206","632,655","387,032","317,879","226,180","270,086","324,937","475,342","1,128,674","359,322","375,897","266,626","350,166","230,074","262,268","510,354","401,489","245,576","320,374","252,365","506,125","820,418"
May-13,"175,237","386,773","210,201","354,309","294,505","645,239","233,543","354,243","269,208","263,837","370,297","641,525","389,387","319,694","228,415","275,242","333,479","479,437","1,175,688","364,563","371,050","268,631","353,960","231,623","263,434","512,220","406,042","250,934","321,753","258,148","504,235","836,048"
Jun-13,"177,474","390,080","210,383","360,471","299,324","665,011","237,970","363,866","270,890","262,701","374,442","630,138","377,528","322,715","228,200","279,053","329,835","486,174","1,214,509","360,406","375,912","272,738","363,523","234,837","265,657","519,395","422,860","253,225","334,018","260,043","514,416","843,591"
Jul-13,"179,481","400,439","209,979","362,510","302,276","678,769","241,475","368,256","276,593","265,784","380,617","648,881","391,447","329,374","230,477","279,687","331,093","491,355","1,254,637","359,196","386,740","273,908","370,969","234,180","272,654","521,057","419,572","256,170","336,393","264,907","522,646","836,088"
Aug-13,"178,572","405,225","213,348","374,897","306,980","700,587","243,437","371,566","283,087","268,874","392,378","648,285","402,948","332,445","229,567","278,913","336,994","505,351","1,286,758","359,956","393,217","280,937","381,940","234,894","275,889","535,300","417,871","257,641","339,601","266,984","536,326","828,629"
Sep-13,"179,642","408,695","216,042","380,892","308,811","698,998","243,437","373,219","285,077","273,423","408,202","679,929","427,836","333,681","232,285","280,365","341,182","510,934","1,317,577","368,770","404,038","287,553","389,641","234,056","277,977","540,781","429,794","259,366","342,350","273,327","556,164","865,547"
Oct-13,"181,759","409,039","218,828","383,526","311,725","683,313","245,585","369,947","288,261","274,955","406,084","687,513","429,075","335,031","234,581","284,118","344,953","515,918","1,268,654","373,905","414,816","294,723","383,833","233,577","278,717","544,129","434,009","263,347","356,246","275,107","552,033","887,160"
Nov-13,"186,990","414,310","219,384","389,258","314,515","656,356","246,474","373,656","287,256","278,419","411,178","687,311","428,023","338,090","236,854","286,463","341,929","529,496","1,264,604","377,854","421,832","297,864","381,603","238,225","280,050","537,300","434,163","264,839","372,948","277,826","553,830","908,881"
Dec-13,"188,213","415,976","222,070","387,970","319,730","664,789","249,632","377,638","291,782","286,121","416,420","690,477","419,255","344,415","239,615","289,882","342,647","540,199","1,248,702","381,761","428,622","301,077","384,011","239,851","282,555","534,442","447,861","268,138","386,044","282,076","555,390","911,758"
Jan-14,"190,047","422,570","224,314","393,731","321,161","688,812","252,771","389,989","290,435","291,914","429,128","690,376","432,779","346,447","241,653","290,493","344,058","548,477","1,303,557","388,980","422,966","307,287","403,920","244,838","284,547","544,129","457,323","272,387","389,954","288,169","570,568","909,009"
Feb-14,"190,607","428,359","226,513","393,087","323,986","712,957","256,705","396,522","292,253","294,398","437,653","706,825","430,195","345,915","245,394","294,638","344,382","551,926","1,296,471","396,754","434,890","310,484","412,769","244,665","286,514","547,596","463,143","275,224","396,060","296,375","583,560","935,054"
Mar-14,"195,180","436,431","227,496","396,129","324,590","713,171","260,795","404,157","294,182","291,602","448,204","705,411","434,982","347,631","248,636","294,878","348,202","558,237","1,308,758","405,335","430,146","315,123","419,175","245,062","284,062","566,748","456,402","277,947","403,735","299,627","593,007","932,974"
Apr-14,"198,469","440,040","232,018","408,810","333,525","721,963","269,353","411,805","298,707","299,582","455,702","716,051","432,570","353,577","253,976","299,109","345,420","558,996","1,332,057","412,474","442,898","319,877","425,411","253,363","285,074","588,263","459,171","280,964","412,951","305,270","607,282","946,486"
May-14,"202,112","446,773","236,197","421,801","342,683","739,787","274,805","422,697","303,159","306,871","467,642","721,445","451,804","360,500","257,891","308,123","351,391","571,061","1,367,066","417,068","453,844","331,925","436,435","260,239","288,496","608,951","482,254","284,240","417,336","311,409","622,238","952,706"
Jun-14,"203,571","454,838","242,488","432,235","353,899","762,260","278,151","433,515","307,645","322,485","475,863","738,813","469,095","364,218","261,318","316,177","356,419","581,647","1,404,165","425,808","466,227","336,043","456,493","269,541","295,150","622,444","492,318","288,108","419,435","319,175","638,620","981,595"
Jul-14,"207,576","465,126","249,846","435,751","363,259","779,824","280,196","441,899","315,529","321,906","485,473","767,403","480,789","369,795","264,708","321,751","376,290","599,915","1,455,950","436,539","477,471","341,659","466,123","275,355","301,186","634,392","504,841","292,725","417,663","331,655","647,132","1,001,044"
Aug-14,"210,699","473,545","255,176","438,399","368,435","786,438","287,740","452,244","323,882","331,352","496,424","789,866","490,663","374,255","270,529","323,517","388,004","611,237","1,457,480","449,085","480,985","347,118","483,287","282,647","305,594","644,541","509,781","300,995","423,896","340,170","657,664","1,009,601"
Sep-14,"216,289","478,091","258,612","446,386","376,170","795,769","294,491","453,427","328,153","329,205","497,690","801,307","500,037","382,865","274,790","326,993","394,879","621,131","1,454,704","450,445","495,152","352,545","477,793","288,676","307,229","653,287","526,747","311,937","430,188","351,787","654,785","1,013,350"
Oct-14,"219,877","478,423","258,260","442,398","378,443","773,164","298,662","445,906","332,138","331,507","499,494","790,290","505,499","387,965","277,910","329,174","393,267","617,092","1,443,840","447,932","496,700","351,606","480,128","290,951","310,796","647,108","529,025","316,598","441,146","353,145","650,495","1,016,184"
Nov-14,"222,681","475,753","260,531","445,244","380,886","762,482","295,778","442,123","332,940","329,220","482,535","773,080","498,978","395,865","278,088","330,563","392,678","601,508","1,476,978","450,374","490,073","352,008","464,144","291,618","315,666","646,411","527,492","317,224","438,786","352,944","635,630","1,035,494"
Dec-14,"224,381","477,930","261,980","452,440","379,339","754,303","294,247","441,688","334,650","330,411","486,579","761,347","493,687","400,988","281,150","332,564","388,184","605,422","1,427,563","452,086","479,085","355,905","461,688","291,735","320,905","641,819","516,431","313,523","444,045","352,494","635,886","1,037,434"
Jan-15,"226,217","489,392","261,744","455,999","379,295","762,355","292,827","441,204","335,695","335,216","485,309","758,517","490,065","399,771","281,719","339,491","380,653","616,725","1,421,046","449,644","472,350","361,167","453,756","290,599","319,283","629,299","516,167","310,916","447,028","349,739","635,439","1,038,261"
Feb-15,"229,145","499,978","261,289","453,768","376,855","761,807","294,181","440,796","336,357","334,826","496,451","761,258","486,583","399,649","283,614","344,061","374,691","636,658","1,393,195","444,227","469,549","364,252","459,562","292,415","321,452","627,951","513,397","314,050","449,433","348,180","642,817","1,041,224"
Mar-15,"228,629","501,962","261,077","457,088","376,321","749,669","296,812","440,404","339,229","332,690","493,357","769,718","482,593","396,549","284,817","347,828","381,516","630,418","1,413,688","447,096","474,431","361,633","465,000","295,416","320,775","629,490","513,854","314,433","445,219","346,670","643,940","1,027,253"
Apr-15,"228,382","500,690","261,858","463,521","376,848","742,445","299,964","448,097","341,738","331,074","510,799","778,445","488,514","402,676","284,824","348,990","386,002","641,591","1,397,554","453,067","476,641","361,940","468,157","300,428","324,719","642,594","515,765","317,493","449,002","350,669","644,260","1,004,716"
May-15,"228,021","494,422","264,480","474,613","383,630","738,545","301,694","451,891","344,887","337,654","523,322","790,514","496,470","406,021","287,147","351,848","394,675","644,744","1,413,294","450,984","492,317","364,828","475,045","304,660","322,984","640,574","528,554","317,953","463,623","353,653","638,082","980,786"
Jun-15,"233,914","502,056","267,385","470,022","388,867","762,781","304,037","460,302","348,932","346,368","532,913","798,510","504,081","411,221","288,648","354,744","396,697","652,030","1,399,051","452,489","500,785","371,158","476,351","306,401","330,869","644,022","538,152","320,045","471,684","362,381","638,673","987,144"
Jul-15,"242,285","498,811","275,323","472,785","390,950","785,619","310,455","470,247","356,209","357,198","537,085","800,431","509,107","416,109","295,668","358,297","403,111","646,603","1,437,189","457,670","518,815","379,161","496,653","310,786","336,753","651,474","549,343","327,050","468,385","367,223","652,142","1,019,260"
Aug-15,"248,486","507,863","280,363","478,014","395,971","811,896","317,457","476,987","365,479","360,101","542,837","808,293","525,236","427,818","298,728","366,733","407,362","646,428","1,424,031","473,367","534,734","382,050","501,747","315,018","345,427","671,323","556,709","330,984","460,865","378,253","670,109","994,663"
Sep-15,"250,279","513,899","286,273","484,979","400,632","825,356","324,618","485,647","371,980","360,828","541,455","807,437","546,025","433,897","304,197","374,590","415,419","658,041","1,464,674","474,693","544,088","391,298","513,463","322,373","349,072","682,115","560,611","337,760","463,000","383,513","676,698","1,033,303"
Oct-15,"250,340","521,985","286,182","497,956","408,766","820,386","327,749","494,988","375,769","362,226","539,819","793,390","553,020","438,793","309,072","383,053","414,426","657,399","1,372,814","474,740","534,414","393,211","513,158","327,056","356,782","694,726","562,838","339,179","468,623","392,747","680,740","1,024,722"
Nov-15,"253,853","530,195","288,710","491,019","411,744","808,829","331,035","507,561","377,838","366,348","537,688","790,008","560,440","438,556","315,052","386,684","416,538","653,323","1,401,268","472,932","521,626","392,864","523,646","331,784","361,748","683,639","560,951","342,330","483,790","397,752","680,331","1,077,290"
Dec-15,"260,216","531,726","295,736","505,206","418,224","789,139","335,072","509,198","381,958","380,375","546,793","799,528","557,145","445,979","319,121","390,400","418,887","638,862","1,368,626","485,114","518,704","397,669","524,760","333,814","362,514","679,597","564,008","345,461","487,530","399,019","681,565","1,077,348"
Jan-16,"265,985","543,259","307,542","506,211","420,600","800,790","337,430","503,390","386,806","385,751","565,035","798,220","558,253","447,170","322,328","394,504","426,856","638,913","1,444,843","490,039","525,815","408,525","520,952","340,602","364,722","682,571","571,920","347,676","503,590","404,667","684,376","1,089,074"
Feb-16,"270,203","540,816","315,281","520,269","424,096","819,667","342,509","504,218","390,651","386,189","575,553","800,804","550,531","454,630","328,598","401,342","428,188","628,773","1,400,754","493,271","537,391","421,251","516,098","344,383","371,018","692,730","575,842","354,936","505,402","417,508","681,495","1,051,454"
Mar-16,"273,644","544,506","314,132","510,565","425,872","846,504","346,784","506,170","395,320","380,621","585,671","792,842","548,595","457,412","336,080","404,481","434,141","646,444","1,427,340","496,061","548,679","424,356","529,364","351,211","381,267","703,202","592,533","358,012","515,287","424,530","690,859","1,032,552"
Apr-16,"274,194","548,819","311,880","523,011","429,594","830,229","353,021","510,580","401,703","387,360","553,456","806,073","550,234","461,965","338,393","405,061","435,062","640,953","1,410,191","503,495","550,344","425,288","538,567","352,760","381,845","686,556","594,187","364,174","501,379","424,112","693,134","1,027,332"
May-16,"275,568","566,074","314,422","526,462","432,553","799,671","357,704","502,730","405,815","397,415","533,175","801,661","564,148","461,656","341,875","407,680","446,027","646,207","1,387,884","514,868","546,893","428,719","549,564","359,225","382,169","694,498","597,752","367,161","494,442","416,670","703,424","1,071,031"
Jun-16,"276,840","572,602","320,627","532,209","439,738","763,525","363,463","510,559","408,163","402,068","517,401","806,069","570,608","459,790","344,275","412,557","441,776","633,074","1,348,547","521,958","545,804","429,747","548,747","367,117","381,436","693,961","581,535","373,796","482,696","418,841","699,866","1,081,462"
Jul-16,"281,902","567,768","325,372","533,299","446,918","746,738","368,948","511,891","411,958","400,792","533,141","786,860","581,881","464,802","352,889","418,874","449,336","649,331","1,330,421","523,616","559,534","435,767","546,386","371,916","387,387","718,234","583,138","377,794","486,813","427,281","704,521","1,090,138"
Aug-16,"287,290","564,676","326,869","527,672","450,668","762,145","374,852","517,663","418,609","400,644","543,584","776,653","571,325","471,810","355,760","418,422","452,059","658,250","1,305,767","517,372","567,232","434,803","545,025","375,521","392,365","710,823","587,400","380,435","493,197","429,105","699,646","1,049,018"
Sep-16,"291,576","567,395","329,399","538,196","445,897","779,332","374,191","510,857","426,662","399,558","555,998","756,738","581,860","472,326","361,886","416,743","441,596","647,437","1,327,264","508,449","567,761","436,347","540,784","378,600","395,943","706,773","598,390","379,263","509,034","429,652","703,250","1,028,556"
Oct-16,"294,204","566,198","330,185","544,107","437,517","797,438","373,190","510,621","425,545","395,471","564,897","746,600","578,035","475,967","361,029","417,791","436,593","635,037","1,317,520","510,015","558,414","431,193","539,073","375,384","394,229","677,946","602,318","379,032","510,843","433,897","709,000","1,022,582"
Nov-16,"293,837","558,380","331,934","541,939","434,743","822,504","368,709","508,872","422,964","391,917","576,511","748,953","575,398","470,403","361,862","418,739","431,085","637,990","1,401,519","512,799","554,143","428,216","522,918","376,807","391,240","678,349","595,013","375,477","513,597","444,917","705,783","1,062,430"
Dec-16,"293,599","553,927","331,015","528,746","436,599","824,159","368,616","519,314","418,962","395,227","567,368","763,281","575,143","474,806","355,784","422,536","444,622","648,277","1,468,517","517,027","548,167","423,145","519,838","369,117","395,037","676,481","588,479","373,922","505,397","447,978","705,774","1,094,536"
Jan-17,"290,330","565,277","330,057","509,291","444,077","847,875","368,282","523,565","416,211","397,734","580,485","782,398","592,338","468,456","357,142","421,425","453,365","639,990","1,508,758","513,288","545,653","425,557","516,740","371,224","401,213","694,957","582,118","369,573","503,104","449,862","692,362","1,105,833"
Feb-17,"288,537","573,314","328,815","512,779","443,606","816,510","372,317","523,911","410,258","401,421","570,286","791,684","609,648","476,221","359,600","425,638","454,818","622,800","1,528,053","517,675","543,024","428,298","529,971","375,421","398,510","694,163","581,209","370,963","516,139","444,762","697,469","1,141,744"
Mar-17,"285,983","582,754","328,849","522,845","443,104","806,115","373,885","519,904","406,936","399,859","553,536","777,841","600,804","477,305","362,643","424,576","466,201","621,990","1,493,207","511,143","544,921","436,235","529,392","380,885","395,774","701,736","593,932","375,302","507,990","451,245","714,036","1,127,900"
Apr-17,"288,403","576,706","329,037","526,588","442,652","791,574","374,690","515,949","413,293","405,234","531,345","801,580","586,221","487,581","359,449","423,001","466,086","639,395","1,514,619","516,900","545,426","431,376","547,546","381,611","390,363","704,054","596,518","380,354","510,664","443,393","723,637","1,179,019"
May-17,"294,006","578,080","333,642","528,362","447,753","807,686","373,919","520,248","421,239","406,222","521,562","782,110","589,145","485,693","356,892","420,097","459,874","659,979","1,501,998","516,711","554,664","431,948","550,245","382,252","399,484","712,010","606,338","381,501","492,277","446,398","721,839","1,168,086"
Jun-17,"297,657","563,601","336,970","530,813","451,427","835,166","378,299","517,693","426,416","417,370","551,254","782,912","601,783","484,763","360,006","421,644","448,828","665,872","1,451,255","525,325","562,007","429,981","556,448","378,474","395,445","715,201","607,607","383,510","496,555","439,825","711,920","1,157,080"
Jul-17,"299,874","559,978","344,032","529,378","452,947","856,794","382,270","523,516","428,322","427,068","565,753","778,672","610,990","477,645","369,128","427,157","448,152","668,284","1,411,123","521,731","570,376","439,595","544,824","380,112","401,841","715,656","611,030","384,772","493,069","449,987","716,130","1,125,757"
Aug-17,"299,091","558,169","344,507","537,128","451,786","856,303","383,522","522,553","428,263","430,297","591,809","809,072","611,206","478,710","372,933","425,709","457,039","674,096","1,360,693","520,101","568,783","443,370","553,089","377,328","403,825","724,373","618,306","386,924","489,222","452,189","727,208","1,100,913"
Sep-17,"300,689","570,646","339,798","529,022","451,620","856,326","384,117","523,248","429,507","431,249","595,062","786,012","609,942","481,694","374,894","430,722","451,323","671,122","1,374,231","524,499","567,661","448,943","556,214","385,779","413,928","715,693","613,671","386,388","498,363","458,648","718,897","1,106,353"
Oct-17,"301,584","577,121","335,696","527,260","450,949","826,810","380,901","516,164","423,689","422,273","593,905","777,454","599,849","490,465","372,481","429,616","451,299","658,379","1,382,913","524,699","560,601","443,353","570,933","384,583","414,864","709,712","604,186","385,682","514,680","456,738","705,284","1,100,058"
Nov-17,"302,002","574,440","336,229","523,212","452,940","838,251","380,853","512,832","422,243","417,764","580,572","768,020","585,461","486,720","371,714","426,551","448,283","644,783","1,454,539","519,075","552,603","441,986","561,994","377,601","411,715","691,570","569,823","385,590","516,800","454,851","693,925","1,105,352"
Dec-17,"301,096","571,422","340,589","533,164","453,197","836,332","379,637","501,934","419,832","407,431","575,915","769,407","590,796","485,005","371,208","420,260","458,920","639,789","1,476,041","511,389","545,087","433,685","552,808","365,092","409,321","689,691","560,669","382,106","511,132","455,837","684,818","1,165,218"
Jan-18,"299,691","564,119","342,086","532,482","454,452","851,363","377,479","506,732","419,571","408,369","570,429","750,374","589,551","484,773","369,158","415,805","457,647","652,691","1,583,368","516,086","550,435","432,159","534,932","359,210","414,335","678,064","567,929","380,219","491,512","461,321","681,418","1,186,520"
Feb-18,"300,954","564,017","341,245","532,200","453,646","866,701","376,189","510,049","422,403","409,693","572,459","736,481","599,889","485,522","370,903","418,150","456,210","647,414","1,491,940","518,943","549,221","430,232","529,455","363,199","416,722","675,084","594,702","375,771","487,625","462,044","682,744","1,187,899"
Mar-18,"299,871","570,788","339,622","520,714","449,053","845,226","371,125","517,696","422,285","409,264","551,599","754,797","590,459","483,406","370,835","417,175","447,446","652,359","1,506,798","520,768","546,268","431,366","529,044","368,814","416,274","678,330","598,700","380,218","490,011","456,047","679,801","1,127,576"
Apr-18,"299,316","574,376","338,467","523,373","448,472","858,143","373,392","514,725","421,594","404,462","547,818","735,448","597,018","476,191","374,388","419,598","440,262","637,828","1,433,732","520,254","552,608","434,693","528,534","376,783","404,764","688,542","597,818","379,945","500,468","445,000","682,474","1,066,843"
May-18,"298,346","565,451","336,401","518,416","445,442","829,906","375,683","506,208","422,938","408,302","559,114","737,781","591,598","473,633","376,009","422,650","443,531","651,448","1,408,465","528,232","555,554","439,903","536,509","379,372","406,649","696,413","582,250","384,142","509,884","444,311","680,270","1,042,333"
Jun-18,"302,454","556,556","341,471","531,254","444,517","842,469","379,074","510,153","421,336","410,576","571,351","738,440","588,381","475,844","377,014","427,137","454,281","655,563","1,413,688","538,495","562,102","442,980","551,805","383,140","407,655","691,010","578,026","385,474","498,827","449,485","688,571","1,029,894"
Jul-18,"303,191","555,172","345,683","544,498","448,612","829,692","379,556","511,809","422,557","411,124","572,615","763,178","597,600","475,730","379,149","427,486","459,074","678,241","1,444,330","537,399","548,505","438,945","569,502","384,853","416,647","702,892","578,787","390,007","492,845","459,347","687,525","1,027,604"
Aug-18,"304,172","566,116","347,521","560,375","452,250","819,442","377,198","519,534","419,757","408,882","563,460","764,581","597,106","475,339","378,378","425,888","450,108","668,303","1,534,304","531,960","539,162","435,053","567,454","382,334","416,259","707,647","584,332","391,656","483,913","460,158","695,094","1,044,328"
Sep-18,"304,703","567,427","346,141","550,862","457,052","809,638","376,952","519,181","419,243","414,463","555,843","756,744","602,531","472,555","378,404","421,966","441,024","660,944","1,501,850","521,982","531,014","434,891","560,800","382,704","418,992","718,540","575,834","386,243","484,700","462,200","690,762","1,087,703"
Oct-18,"308,294","569,721","345,092","532,225","455,290","800,734","375,595","514,935","421,938","418,214","564,368","765,962","588,441","475,597","378,410","419,526","445,797","635,406","1,458,099","518,550","541,027","443,373","557,080","378,228","420,486","696,744","570,735","386,299","478,619","455,713","687,502","1,090,179"
Nov-18,"310,925","567,267","344,417","516,719","453,074","799,838","373,840","516,640","418,601","410,278","561,779","756,631","585,803","469,301","377,152","418,172","455,402","635,503","1,475,028","517,874","548,850","441,844","555,951","373,651","422,419","687,395","576,532","381,827","481,653","453,456","675,133","1,094,434"
Dec-18,"309,237","566,030","343,812","514,431","451,029","856,338","369,038","516,007","422,085","407,689","566,545","759,287","585,590","472,678","377,880","421,940","456,066","623,792","1,455,931","511,561","547,147","435,014","555,899","371,017","418,850","682,534","578,284","379,612","481,651","453,771","683,123","1,025,142"
Jan-19,"305,481","560,732","338,698","516,550","448,233","859,500","370,162","517,116","420,185","407,275","545,465","747,830","586,350","463,886","372,308","424,513","450,973","635,744","1,390,722","507,711","537,251","426,955","547,683","374,078","413,347","694,884","577,307","378,245","476,574","449,347","674,182","1,019,933"
Feb-19,"302,045","555,470","339,177","515,891","447,310","855,742","369,462","509,960","421,925","413,840","550,467","742,394","585,728","464,920","369,870","424,773","443,499","627,482","1,363,160","500,688","530,614","422,972","555,908","379,724","404,059","695,905","564,556","378,450","469,428","450,655","665,329","975,772"
Mar-19,"302,278","547,889","336,670","512,587","443,526","801,116","372,539","499,657","418,390","407,224","573,513","742,197","576,906","455,478","364,923","420,671","446,649","628,679","1,318,538","499,853","532,724","426,024","540,206","383,273","398,033","685,655","565,541","376,010","470,929","443,330","657,013","1,016,427"
Apr-19,"303,716","543,403","339,279","524,259","439,107","813,273","368,770","493,968","418,502","402,876","591,652","739,440","569,318","456,870","364,232","415,504","448,778","621,021","1,367,238","499,605","534,968","425,422","535,976","383,253","394,645","677,768","561,488","372,163","474,919","446,279","663,188","1,056,509"
May-19,"303,432","534,695","336,781","519,618","435,057","832,928","369,170","498,051","412,169","401,374","581,002","742,498","582,283","453,896","366,618","411,552","451,507","626,894","1,328,178","497,622","530,328","428,575","520,741","384,801","394,532","674,297","574,495","373,017","469,685","439,518","664,437","1,086,547"
Jun-19,"302,059","543,582","339,038","512,734","436,588","865,461","368,604","507,184","414,402","409,920","566,935","737,197","580,445","458,295","370,717","406,408","454,730","626,810","1,391,413","509,912","540,004","429,544","531,247","375,665","400,948","690,344","571,966","374,800","470,396","435,164","660,070","1,058,957"
Jul-19,"305,527","545,419","338,571","509,762","440,789","886,331","370,504","508,088","411,091","419,577","576,958","750,734","591,655","456,668","372,943","409,201","451,543","630,965","1,370,079","528,200","546,002","435,467","537,101","375,727","407,008","694,748","576,274","376,438","476,509","432,351","671,628","1,004,477"
Aug-19,"307,811","560,643","337,736","524,598","448,580","868,972","370,506","506,684","417,081","418,756","587,744","753,952","586,120","459,837","372,722","408,025","459,330","643,407","1,347,001","533,229","556,727","441,963","551,887","378,516","412,228","695,900","572,111","371,956","486,386","439,930","676,714","957,502"
Sep-19,"313,309","563,119","332,811","541,405","449,231","853,657","370,946","505,129","410,789","426,112","589,964","758,798","596,558","463,219","371,640","414,395","464,052","654,341","1,307,750","529,448","555,274","444,644","550,729","385,517","405,036","686,135","582,725","375,836","494,350","446,107","691,430","963,232"
Oct-19,"311,627","563,429","332,019","533,564","446,823","810,871","371,114","508,532","416,540","424,480","579,898","737,385","593,643","464,364","372,237","414,464","472,048","641,927","1,271,528","512,612","549,428","445,141","542,983","385,734","401,849","682,484","589,499","374,351","495,470","448,450","686,907","973,643"
Nov-19,"313,020","562,539","333,161","470,055","444,222","825,758","373,246","505,611","416,952","429,071","573,859","730,034","596,515","461,389","370,510","418,056","465,303","627,737","1,267,591","516,864","553,298","438,377","532,088","379,666","403,749","687,446","587,624","379,442","495,060","451,507","689,996","1,010,423"
Dec-19,"308,127","554,361","338,416","459,257","445,680","806,841","377,159","501,738","423,700","421,946","567,274","738,677","599,068","457,740","369,965","415,025","467,876","641,796","1,324,396","515,102","557,289","438,403","529,125","377,286","412,922","691,467","586,997","377,326","498,435","454,329","693,507","1,032,688"
Jan-20,"311,552","553,336","336,654","462,054","441,520","819,361","377,674","500,081","413,847","419,756","574,592","748,571","594,571","457,751","366,227","416,009","467,323","666,282","1,353,242","515,930","560,049","434,797","534,167","382,047","412,261","698,826","579,820","375,483","507,479","458,448","694,384","1,072,220"
Feb-20,"311,555","548,717","338,863","504,495","440,331","807,901","377,626","500,136","414,403","419,643","589,242","763,188","581,107","460,760","368,635","414,458","468,124","669,196","1,427,138","511,393","554,805","438,054","535,206","387,885","409,846","696,670","572,942","377,021","520,113","450,574","699,832","1,077,289"
Mar-20,"308,549","553,895","339,101","504,142","438,748","839,698","374,522","512,485","417,188","416,772","597,238","745,686","583,071","461,094","369,905","419,642","465,285","651,398","1,447,653","511,738","551,841","438,066","545,738","386,671","412,909","698,873","575,388","379,384","524,684","450,276","700,283","1,072,943"
Apr-20,"299,747","562,849","342,030","508,193","440,285","855,249","373,678","510,147","420,470","420,497","595,785","720,174","583,606","463,587","372,954","413,025","457,061","641,092","1,468,156","513,306","538,001","438,990","543,893","383,751","412,452","712,411","581,284","381,076","513,497","455,350","701,313","1,099,051"
May-20,"298,615","559,968","339,455","521,532","433,420","855,142","376,791","506,046","417,005","418,637","598,229","703,712","582,841","460,900","372,271","417,874","453,868","632,239","1,466,183","511,130","543,522","444,030","553,608","390,966","411,408","731,094","599,629","377,332","508,032","461,621","696,402","1,022,010"
Jun-20,"307,345","553,303","341,309","524,157","432,758","838,573","377,568","501,055","411,588","413,332","598,686","747,039","578,332","457,629","376,403","414,102","451,496","641,338","1,408,523","506,074","552,494","449,079","558,828","397,332","406,646","742,226","591,135","376,770","492,995","464,619","679,701","1,032,926"
Jul-20,"311,582","551,273","344,299","523,608","436,493","810,762","382,092","506,723","412,997","410,206","614,742","785,016","580,641","462,950","379,000","420,420","451,777","655,304","1,431,124","512,048","572,980","446,541","564,788","397,626","408,728","732,249","588,798","378,930","497,277","459,940","683,004","985,548"
Aug-20,"312,479","558,856","347,933","536,864","441,736","827,652","379,791","518,898","423,474","411,793","609,141","794,010","608,733","467,249","378,870","421,467","466,779","678,122","1,434,698","526,385","579,325","445,722","565,302","390,322","411,614","731,550","584,189","381,460","506,248","464,221","699,768","1,037,669"
Sep-20,"309,235","565,007","345,477","563,715","444,664","839,702","382,323","523,227","426,015","423,845","626,906","771,737","613,546","471,719","375,914","422,699","479,159","687,305","1,449,937","528,808","582,791","451,671","566,320","386,132","417,561","731,719","589,931","386,655","520,304","471,569","721,497","999,225"
Oct-20,"311,275","562,925","345,406","564,860","445,564","825,440","383,854","523,059","432,225","424,564","610,820","750,193","630,271","470,920","374,799","426,153","486,842","685,000","1,397,634","524,019","580,331","460,316","578,074","391,311","420,048","731,525","595,599","389,397","523,820","481,837","718,177","961,810"
Nov-20,"312,061","561,616","346,735","558,799","454,616","807,686","386,933","527,127","429,901","429,270","613,382","765,733","623,896","475,545","377,620","428,096","492,109","669,268","1,414,570","519,111","579,400","465,680","586,643","393,359","429,243","733,238","608,047","394,206","514,838","485,105","710,541","955,109"
Dec-20,"316,866","560,354","352,541","537,132","460,597","779,910","385,287","530,267","437,798","423,731","603,163","740,233","626,804","481,461","382,265","436,937","486,715","663,199","1,447,320","522,255","572,048","464,786","590,786","399,010","433,108","730,716","622,328","397,086","509,975","487,472","695,603","952,777"
